pair_id,leader_id,follower_id,alpha,time_headway,beta,error,is_string_stable,stability_criterion
47.0-64.0,47.0,64.0,0.10000515678245703,2.999992942945754,0.10000885149736038,233.28115796399055,False,-0.5900277588332885
2142.0-2153.0,2142.0,2153.0,0.1,3.0,0.16149368485680973,463.47728417935593,False,-0.5739197897513695
2.0-17.0,2.0,17.0,0.26388380456367533,3.0,1.0,4.5105600735318045,False,-0.583302827382052
17.0-25.0,17.0,25.0,0.1,2.5113484855326274,0.1,1.3153775441662372,False,-0.49226969710652546
25.0-39.0,25.0,39.0,0.3846996173227913,2.191803892986271,0.1,1.3781321569897476,False,-1.676372237756845
