pair_id,leader_id,follower_id,start_frame,end_frame,lane_id,duration_seconds,mean_spacing,std_spacing,min_spacing,max_spacing,mean_speed_diff,std_speed_diff,min_speed_diff,max_speed_diff,mean_time_headway,std_time_headway,min_time_headway,max_time_headway
1,120.0,125.0,753,1033,1,28.1,17.804549679715304,6.467014420139709,10.290729999999996,28.32519000000002,0.28324455516014246,1.4015513691145234,-3.1271900000000006,3.1731499999999997,1.303477285451738,0.23106255417241717,0.998095681328178,1.7780529788471442
2,1087.0,1101.0,3233,3433,1,20.1,37.235567114427866,17.024111718686417,17.048729999999992,65.33476999999999,2.2517760199004977,1.8638562790698054,-2.2929600000000008,5.31908,2.1372377837653254,0.6791737129792272,1.2492022093875326,3.238178522990268
3,2066.0,2074.0,6467,6689,1,22.3,45.90810847533633,8.095676697165203,35.462170000000015,64.5204,-1.2917373542600894,1.6362096323942223,-4.634929999999999,1.388860000000001,2.8195283236589215,0.5318716210462088,2.137577632105929,3.7133017332470812
4,260.0,267.0,1156,1388,2,23.3,25.34448424892704,8.580025525316454,9.595129999999983,38.078889999999944,1.0595867381974249,1.1490825202521433,-1.89086,2.6920800000000007,3.1642055913978115,0.6084819277459272,1.477030523857681,4.15620078148482
5,1463.0,1478.0,4341,5010,3,67.0,21.33048579104478,6.233209900350176,10.315400000000011,30.68013000000002,-0.14783997014925365,1.0296041316346316,-2.6794900000000004,2.6206400000000003,4.333461946503186,2.7057569526501353,2.258778719830168,18.862943149877605
