pair_id,leader_id,follower_id,alpha,time_headway,beta,error,is_string_stable,stability_criterion
47.0-64.0,47.0,64.0,0.1,3.0,0.1,233.27271734140356,False,-0.5900000000000001
2142.0-2153.0,2142.0,2153.0,0.1,3.0,0.16149397161060314,463.4772841793838,False,-0.5739196971334338
2.0-17.0,2.0,17.0,0.2638838223037496,3.0,1.0,4.510560073531764,False,-0.5833029338224978
17.0-25.0,17.0,25.0,0.1,2.511348495252812,0.1,1.315377544166245,False,-0.4922696990505624
25.0-39.0,25.0,39.0,0.38469980853117147,2.1918039685033106,0.1,1.3781321569898992,False,-1.6763731340421708
