leader_id,follower_id,lane_id,duration,alpha,tau,beta,is_stable,stability_criterion,mean_spacing,mean_time_headway,mean_speed,spacing_rmse,speed_rmse
2358,2367,1,48.300000000000004,0.11402495822080341,0.5,0.13531617790741704,False,-0.2706323558148341,10.95699906832298,1.7477395918413594,6.477932339544513,9.06289899803519,1.3464010787136094
2924,2906,2,69.8,0.15817217562323357,0.5,0.0,False,0.0,6.904911117478511,1.6654389130026863,5.602225558739255,6.9529389261702885,2.083332871199757
2770,2777,3,71.5,0.11069208968969792,0.5,0.0,False,0.0,7.475638293706295,1.4511440743654969,5.417167020979021,6.468776421324799,1.4532587875790706
2914,2923,4,84.4,0.01,2.0616482212951106,0.4324218505080697,False,-0.8960766654420416,6.7937284952606625,inf,4.497713850710901,4.204308105252105,0.7173918687983246
2845,2848,5,84.7,0.21414005370690659,0.5,0.24874976485442957,False,-0.49749952970885913,5.830879067296342,inf,4.567154297520661,4.589814044560235,1.0501434305146264
