Pair ID,α (alpha),β (beta),τ (tau),Combined Error,Speed RMSE,Spacing RMSE,String Stable,Stability Criterion
120.0-125.0,-0.000345,0.386207,1.50,0.4367,0.7332,0.1403,STABLE,0.000290
1087.0-1101.0,-0.006552,0.172414,1.50,0.4969,0.6580,0.3357,STABLE,0.009811
2066.0-2074.0,0.008966,0.161724,1.50,0.8352,1.4222,0.2483,UNSTABLE,-0.013400
260.0-267.0,0.024138,-0.008621,1.50,0.2674,0.3820,0.1527,UNSTABLE,-0.047589
1463.0-1478.0,1.100000,-0.475000,1.50,3.0641,5.9524,0.1758,UNSTABLE,-1.045000
